min.log.penalty,max.log.penalty
-Inf,6.122241
1.410357,Inf
2.880306,7.013403
4.145021,Inf
-Inf,6.338621
3.111279,6.233656
-Inf,5.511456
-Inf,5.145202
0.8536382,Inf
3.37119,6.705873
-Inf,5.321639
3.708603,Inf
5.827617,5.887549
-Inf,5.823359
4.422378,5.772348
-Inf,5.25056
3.237733,Inf
1.099042,5.122486
